"id","scientific.name","accepted.name","family","taxon.rank","taxon.status","search.str","threat.status","notes","original.search","life.form","habitat","vegetation.type","domain"
11640,"Habenaria achalensis Kraenzl.",NA,"Orchidaceae","species","accepted","Habenaria achalensis","VU","","Habenaria achalensis","Erva","Terrícola","Campo de Altitude|Campo Limpo","Cerrado|Mata Atlântica"
NA,NA,NA,NA,NA,NA,NA,NA,"not found","Habenaria achnantha gracilior",NA,NA,NA,NA
37648,"Habenaria achnantha Rchb.f.",NA,"Orchidaceae","species","accepted","Habenaria achnantha",NA,"","Habenaria achnantha","Erva","Terrícola","Campo de Altitude|Campo Limpo","Cerrado|Mata Atlântica"
11641,"Habenaria alpestris Cogn.",NA,"Orchidaceae","species","accepted","Habenaria alpestris",NA,"","Habenaria alpestris","Erva","Terrícola","Campo Limpo|Campo rupestre","Amazônia|Cerrado|Mata Atlântica"
37651,"Habenaria amambayensis Schltr.",NA,"Orchidaceae","species","accepted","Habenaria amambayensis",NA,"was misspelled","Habenaria amambaiensis","Erva","Terrícola","Savana Amazônica","Amazônia|Cerrado"
37651,"Habenaria amambayensis Schltr.",NA,"Orchidaceae","species","accepted","Habenaria amambayensis",NA,"","Habenaria amambayensis","Erva","Terrícola","Savana Amazônica","Amazônia|Cerrado"
11710,"Habenaria schwackei Barb.Rodr.",NA,"Orchidaceae","species","accepted","Habenaria schwackei","LC","replaced synonym","Habenaria amazonica","Erva","Terrícola","Campinarana|Campo Limpo|Cerrado (lato sensu)|Savana Amazônica","Amazônia|Cerrado|Mata Atlântica"
11651,"Habenaria cryptophila Barb.Rodr.",NA,"Orchidaceae","species","accepted","Habenaria cryptophila",NA,"replaced synonym","Habenaria anaplectron","Erva","Terrícola","Cerrado (lato sensu)|Floresta Ciliar ou Galeria|Floresta Estacional Decidual|Floresta Estacional Semidecidual|Vegetação Sobre Afloramentos Rochosos","Caatinga|Cerrado|Mata Atlântica"
NA,NA,NA,NA,NA,NA,NA,NA,"not found","Habenaria anisitis",NA,NA,NA,NA
31886,"Habenaria anisitsii Kraenzl.",NA,"Orchidaceae","species","accepted","Habenaria anisitsii",NA,"","Habenaria anisitsii","Erva","Terrícola","Campo Limpo","Cerrado"
NA,NA,NA,NA,NA,NA,NA,NA,"not found","Habenaria anistis",NA,NA,NA,NA
11650,"Habenaria crucifera Rchb.f. & Warm.",NA,"Orchidaceae","species","accepted","Habenaria crucifera","DD","replaced synonym","Habenaria aphylla","Erva","Terrícola","Campo Limpo|Campo rupestre","Cerrado|Mata Atlântica"
31888,"Habenaria araneiflora Barb.Rodr.",NA,"Orchidaceae","species","accepted","Habenaria araneiflora",NA,"","Habenaria araneiflora","Erva","Terrícola","Campo Limpo|Floresta Estacional Decidual|Floresta Ombrófila (= Floresta Pluvial)|Vegetação Sobre Afloramentos Rochosos","Cerrado|Mata Atlântica"
11702,"Habenaria repens Nutt.",NA,"Orchidaceae","species","accepted","Habenaria repens",NA,"replaced synonym","Habenaria aranifera","Erva","Terrícola","Campo de Várzea|Campo Limpo|Cerrado (lato sensu)|Floresta Ciliar ou Galeria|Floresta Estacional Semidecidual|Floresta Ombrófila (= Floresta Pluvial)|Restinga|Vegetação Aquática","Amazônia|Caatinga|Cerrado|Mata Atlântica"
NA,NA,NA,NA,NA,NA,NA,NA,"not found","Habenaria arechavaletae elata",NA,NA,NA,NA
11689,"Habenaria montevidensis Spreng.",NA,"Orchidaceae","species","accepted","Habenaria montevidensis",NA,"replaced synonym","Habenaria arechavaletae","Erva","Terrícola","Campo de Altitude|Campo Limpo","Mata Atlântica"
31889,"Habenaria aricaensis Hoehne",NA,"Orchidaceae","species","accepted","Habenaria aricaensis",NA,"","Habenaria aricaensis","Erva","Terrícola","Campo Limpo|Cerrado (lato sensu)|Floresta Ciliar ou Galeria","Amazônia|Cerrado"
11644,"Habenaria armata Rchb.f.",NA,"Orchidaceae","species","accepted","Habenaria armata","LC","","Habenaria armata","Erva","Terrícola","Campo Limpo|Campo rupestre|Cerrado (lato sensu)|Floresta de Terra Firme|Palmeiral","Amazônia|Cerrado|Mata Atlântica"
11680,"Habenaria leptoceras Hook.",NA,"Orchidaceae","species","accepted","Habenaria leptoceras",NA,"replaced synonym","Habenaria armondiana","Erva","Terrícola","Campo rupestre|Floresta Ombrófila (= Floresta Pluvial)|Restinga","Amazônia|Mata Atlântica"
118440,"Habenaria avicula Schltr.",NA,"Orchidaceae","species","accepted","Habenaria avicula",NA,"","Habenaria avicula","Erva","Terrícola","Campo rupestre|Floresta Ombrófila (= Floresta Pluvial)","Amazônia"
11645,"Habenaria ayangannensis Renz",NA,"Orchidaceae","species","accepted","Habenaria ayangannensis",NA,"","Habenaria ayangannensis","Erva","Terrícola","Campo Limpo|Campo rupestre","Cerrado|Mata Atlântica"
37652,"Habenaria bahiensis Schltr.",NA,"Orchidaceae","species","accepted","Habenaria bahiensis",NA,"","Habenaria bahiensis","Erva","Terrícola","Campo rupestre","Cerrado"
11646,"Habenaria balansae Cogn.",NA,"Orchidaceae","species","accepted","Habenaria balansae",NA,"","Habenaria balansae","Erva","Terrícola","Campo Limpo|Campo rupestre|Floresta Ciliar ou Galeria|Palmeiral","Cerrado|Mata Atlântica"
11646,"Habenaria balansae Cogn.",NA,"Orchidaceae","species","accepted","Habenaria balansae",NA,"replaced synonym","Habenaria balansaei","Erva","Terrícola","Campo Limpo|Campo rupestre|Floresta Ciliar ou Galeria|Palmeiral","Cerrado|Mata Atlântica"
NA,NA,NA,NA,NA,NA,NA,NA,"not found","Habenaria bicornis",NA,NA,NA,NA
11713,"Habenaria trifida Kunth",NA,"Orchidaceae","species","accepted","Habenaria trifida","LC","replaced synonym","Habenaria biflora","Erva","Terrícola","Área Antrópica|Campo de Várzea|Campo Limpo|Cerrado (lato sensu)|Savana Amazônica|Vegetação Sobre Afloramentos Rochosos","Amazônia|Caatinga|Cerrado|Mata Atlântica"
NA,NA,NA,NA,NA,NA,NA,NA,"not found","Habenaria brachydactyla",NA,NA,NA,NA
11694,"Habenaria parviflora Lindl.",NA,"Orchidaceae","species","accepted","Habenaria parviflora",NA,"replaced synonym","Habenaria brachyphyton","Erva","Terrícola","Área Antrópica|Campo Limpo|Campo rupestre|Floresta Ciliar ou Galeria|Floresta Ombrófila (= Floresta Pluvial)","Amazônia|Caatinga|Cerrado|Mata Atlântica"
11648,"Habenaria bractescens Lindl.",NA,"Orchidaceae","species","accepted","Habenaria bractescens",NA,"","Habenaria bractescens","Erva","Terrícola","Campo Limpo|Campo rupestre","Cerrado|Mata Atlântica"
31890,"Habenaria brevidens Lindl.",NA,"Orchidaceae","species","accepted","Habenaria brevidens",NA,"","Habenaria brevidens","Erva","Terrícola","Campo Limpo|Campo rupestre|Cerrado (lato sensu)|Vegetação Sobre Afloramentos Rochosos","Cerrado"
11649,"Habenaria caldensis Kraenzl.",NA,"Orchidaceae","species","accepted","Habenaria caldensis",NA,"","Habenaria caldensis","Erva","Terrícola","Campo de Altitude|Campo Limpo|Campo rupestre","Amazônia|Caatinga|Cerrado|Mata Atlântica"
NA,NA,NA,NA,NA,NA,NA,NA,"not found","Habenaria campylogyna",NA,NA,NA,NA
582404,"Habenaria canastrensis J.A.N.Bat. & B.M.Carvalho",NA,"Orchidaceae","species","accepted","Habenaria canastrensis",NA,"","Habenaria canastrensis","Erva","Terrícola","Campo de Altitude","Mata Atlântica"
31891,"Habenaria candolleana Cogn.",NA,"Orchidaceae","species","accepted","Habenaria candolleana",NA,"","Habenaria candolleana","Erva","Terrícola","Campo Limpo","Amazônia|Cerrado"
582406,"Habenaria cardiostigmatica J.A.N.Bat. & Bianch.",NA,"Orchidaceae","species","accepted","Habenaria cardiostigmatica",NA,"","Habenaria cardiostigmatica","Erva","Terrícola","Campo Limpo","Cerrado"
11692,"Habenaria nuda Lindl.",NA,"Orchidaceae","species","accepted","Habenaria nuda","LC","","Habenaria cf. nuda","Erva","Terrícola","Campo Limpo|Campo rupestre|Floresta Ciliar ou Galeria","Amazônia|Cerrado|Mata Atlântica"
11708,"Habenaria rupicola Barb.Rodr.",NA,"Orchidaceae","species","accepted","Habenaria rupicola",NA,"","Habenaria cf. rupicola","Erva","Terrícola","Campo de Altitude|Campo Limpo|Campo rupestre|Cerrado (lato sensu)","Amazônia|Cerrado|Mata Atlântica"
118432,"Habenaria ciliatisepala J.A.N.Bat. & Bianch.",NA,"Orchidaceae","species","accepted","Habenaria ciliatisepala",NA,"","Habenaria ciliatisepala","Erva","Terrícola","Campo Limpo","Cerrado"
31924,"Habenaria secundiflora Barb.Rodr.",NA,"Orchidaceae","species","accepted","Habenaria secundiflora",NA,"replaced synonym","Habenaria confusa","Erva","Terrícola","Campo Limpo|Campo rupestre|Floresta Ciliar ou Galeria","Amazônia|Cerrado"
11704,"Habenaria rodeiensis Barb.Rodr.",NA,"Orchidaceae","species","accepted","Habenaria rodeiensis","LC","replaced synonym","Habenaria corcovadensis","Erva","Terrícola","Área Antrópica|Campo Limpo","Amazônia|Cerrado|Mata Atlântica"
31892,"Habenaria coxipoensis Hoehne",NA,"Orchidaceae","species","accepted","Habenaria coxipoensis",NA,"","Habenaria coxipoensis","Erva","Terrícola","Campo Limpo|Campo rupestre|Cerrado (lato sensu)","Cerrado|Mata Atlântica"
11650,"Habenaria crucifera Rchb.f. & Warm.",NA,"Orchidaceae","species","accepted","Habenaria crucifera","DD","","Habenaria crucifera","Erva","Terrícola","Campo Limpo|Campo rupestre","Cerrado|Mata Atlântica"
31906,"Habenaria leprieuri Rchb.f.",NA,"Orchidaceae","species","accepted","Habenaria leprieuri",NA,"replaced synonym","Habenaria cruegeri","Erva","Terrícola","Campo Limpo|Cerrado (lato sensu)|Floresta Ciliar ou Galeria|Restinga|Savana Amazônica","Amazônia|Cerrado"
11651,"Habenaria cryptophila Barb.Rodr.",NA,"Orchidaceae","species","accepted","Habenaria cryptophila",NA,"","Habenaria cryptophila","Erva","Terrícola","Cerrado (lato sensu)|Floresta Ciliar ou Galeria|Floresta Estacional Decidual|Floresta Estacional Semidecidual|Vegetação Sobre Afloramentos Rochosos","Caatinga|Cerrado|Mata Atlântica"
31893,"Habenaria culicina Rchb.f. & Warm.",NA,"Orchidaceae","species","accepted","Habenaria culicina","LC","","Habenaria culicina","Erva","Terrícola","Campo Limpo|Cerrado (lato sensu)","Amazônia|Cerrado"
31906,"Habenaria leprieuri Rchb.f.",NA,"Orchidaceae","species","accepted","Habenaria leprieuri",NA,"replaced synonym","Habenaria culmiformis","Erva","Terrícola","Campo Limpo|Cerrado (lato sensu)|Floresta Ciliar ou Galeria|Restinga|Savana Amazônica","Amazônia|Cerrado"
11652,"Habenaria cultellifolia Barb.Rodr.",NA,"Orchidaceae","species","accepted","Habenaria cultellifolia",NA,"","Habenaria cultellifolia","Erva","Terrícola","Campo Limpo|Campo rupestre","Cerrado|Mata Atlântica"
11713,"Habenaria trifida Kunth",NA,"Orchidaceae","species","accepted","Habenaria trifida","LC","was misspelled|replaced synonym","Habenaria curtbradei","Erva","Terrícola","Área Antrópica|Campo de Várzea|Campo Limpo|Cerrado (lato sensu)|Savana Amazônica|Vegetação Sobre Afloramentos Rochosos","Amazônia|Caatinga|Cerrado|Mata Atlântica"
11713,"Habenaria trifida Kunth",NA,"Orchidaceae","species","accepted","Habenaria trifida","LC","was misspelled|replaced synonym","Habenaria curti-bradei","Erva","Terrícola","Área Antrópica|Campo de Várzea|Campo Limpo|Cerrado (lato sensu)|Savana Amazônica|Vegetação Sobre Afloramentos Rochosos","Amazônia|Caatinga|Cerrado|Mata Atlântica"
11653,"Habenaria curvilabra Barb.Rodr.",NA,"Orchidaceae","species","accepted","Habenaria curvilabra",NA,"","Habenaria curvilabra","Erva","Terrícola","Campo Limpo|Floresta Ciliar ou Galeria|Floresta Estacional Decidual|Floresta Estacional Semidecidual","Cerrado|Mata Atlântica"
11653,"Habenaria curvilabra Barb.Rodr.",NA,"Orchidaceae","species","accepted","Habenaria curvilabra",NA,"replaced synonym","Habenaria curvilabria","Erva","Terrícola","Campo Limpo|Floresta Ciliar ou Galeria|Floresta Estacional Decidual|Floresta Estacional Semidecidual","Cerrado|Mata Atlântica"
118441,"Habenaria dentifera C.Schweinf.",NA,"Orchidaceae","species","accepted","Habenaria dentifera",NA,"","Habenaria dentifera","Erva","Terrícola","Floresta Ombrófila (= Floresta Pluvial)","Amazônia|Cerrado"
31894,"Habenaria depressifolia Hoehne",NA,"Orchidaceae","species","accepted","Habenaria depressifolia",NA,"","Habenaria depressifolia","Erva","Terrícola","Campinarana|Campo Limpo|Campo rupestre|Cerrado (lato sensu)|Palmeiral|Restinga|Savana Amazônica","Amazônia|Cerrado"
11654,"Habenaria distans Griseb.",NA,"Orchidaceae","species","accepted","Habenaria distans",NA,"","Habenaria distans","Erva","Terrícola","Floresta Estacional Decidual|Floresta Estacional Semidecidual","Cerrado|Mata Atlântica"
11657,"Habenaria edwallii Cogn.",NA,"Orchidaceae","species","accepted","Habenaria edwallii",NA,"","Habenaria edwallii","Erva","Terrícola","Campo Limpo|Palmeiral","Cerrado|Mata Atlântica"
118433,"Habenaria egleriana J.A.N.Batista & Bianchetti",NA,"Orchidaceae","species","accepted","Habenaria egleriana",NA,"","Habenaria egleriana","Erva","Terrícola","Campo Limpo","Cerrado"
118433,"Habenaria egleriana J.A.N.Batista & Bianchetti",NA,"Orchidaceae","species","accepted","Habenaria egleriana",NA,"was misspelled","Habenaria engleriana","Erva","Terrícola","Campo Limpo","Cerrado"
NA,NA,NA,NA,NA,NA,NA,NA,"not found","Habenaria entomantha",NA,NA,NA,NA
31896,"Habenaria glaucophylla Barb.Rodr. var. glaucophylla",NA,"Orchidaceae","variety","accepted","Habenaria glaucophylla var. glaucophylla",NA,"replaced synonym","Habenaria epiphylla","Erva","Terrícola","Floresta Ciliar ou Galeria|Floresta Estacional Semidecidual|Floresta Ombrófila (= Floresta Pluvial)","Caatinga|Cerrado|Mata Atlântica"
37660,"Habenaria ernesti-ulei Hoehne",NA,"Orchidaceae","species","accepted","Habenaria ernesti-ulei","EN","","Habenaria ernesti-ulei","Erva","Terrícola","Campo de Altitude","Mata Atlântica"
NA,NA,NA,NA,NA,NA,NA,NA,"not found","Habenaria espinhacensis",NA,NA,NA,NA
11711,"Habenaria secunda Lindl.",NA,"Orchidaceae","species","accepted","Habenaria secunda",NA,"replaced synonym","Habenaria estrellensis","Erva","Terrícola","Campo de Altitude|Campo Limpo|Floresta Ombrófila (= Floresta Pluvial)","Cerrado|Mata Atlântica"
NA,NA,NA,NA,NA,NA,NA,NA,"not found","Habenaria eustachya",NA,NA,NA,NA
11660,"Habenaria exaltata Barb.Rodr.",NA,"Orchidaceae","species","accepted","Habenaria exaltata","LC","","Habenaria exaltata","Erva","Terrícola","Cerrado (lato sensu)","Cerrado|Mata Atlântica"
11665,"Habenaria gourlieana Gill. ex Lindl.",NA,"Orchidaceae","species","accepted","Habenaria gourlieana","LC","replaced synonym","Habenaria fastor","Erva","Terrícola","Campo Limpo|Floresta Ciliar ou Galeria","Amazônia|Cerrado|Mata Atlântica"
37662,"Habenaria floribunda Lindl.",NA,"Orchidaceae","species","accepted","Habenaria floribunda",NA,"","Habenaria floribunda","Erva","Terrícola","Campo rupestre|Cerrado (lato sensu)|Floresta Estacional Semidecidual","Cerrado|Mata Atlântica"
11661,"Habenaria fluminensis Hoehne",NA,"Orchidaceae","species","accepted","Habenaria fluminensis",NA,"","Habenaria fluminensis","Erva","Terrícola","Campo rupestre|Floresta Estacional Semidecidual|Floresta Ombrófila (= Floresta Pluvial)","Caatinga|Cerrado|Mata Atlântica"
11713,"Habenaria trifida Kunth",NA,"Orchidaceae","species","accepted","Habenaria trifida","LC","replaced synonym","Habenaria gehrtii","Erva","Terrícola","Área Antrópica|Campo de Várzea|Campo Limpo|Cerrado (lato sensu)|Savana Amazônica|Vegetação Sobre Afloramentos Rochosos","Amazônia|Caatinga|Cerrado|Mata Atlântica"
31897,"Habenaria guilleminii Rchb.f.",NA,"Orchidaceae","species","accepted","Habenaria guilleminii",NA,"was misspelled","Habenaria gilleminii","Erva","Terrícola","Campo Limpo|Campo rupestre","Cerrado|Mata Atlântica"
NA,NA,NA,NA,NA,NA,NA,NA,"not found","Habenaria glaucophylla brevifolia",NA,NA,NA,NA
NA,NA,NA,NA,NA,NA,NA,NA,"not found","Habenaria glaucophylla glaucophylla",NA,NA,NA,NA
11663,"Habenaria glaucophylla Barb.Rodr.",NA,"Orchidaceae","species","accepted","Habenaria glaucophylla",NA,"","Habenaria glaucophylla","Erva","Terrícola","Floresta Ciliar ou Galeria|Floresta Estacional Semidecidual|Floresta Ombrófila (= Floresta Pluvial)",NA
20066,"Habenaria glazioviana Kraenzl.",NA,"Orchidaceae","species","accepted","Habenaria glazioviana",NA,"","Habenaria glazioviana","Erva","Terrícola","Campo de Várzea|Campo Limpo|Floresta de Igapó|Palmeiral|Savana Amazônica|Vegetação Sobre Afloramentos Rochosos","Amazônia|Caatinga|Cerrado"
NA,NA,NA,NA,NA,NA,NA,NA,"not found","Habenaria gourlieana magna",NA,NA,NA,NA
11665,"Habenaria gourlieana Gill. ex Lindl.",NA,"Orchidaceae","species","accepted","Habenaria gourlieana","LC","","Habenaria gourlieana","Erva","Terrícola","Campo Limpo|Floresta Ciliar ou Galeria","Amazônia|Cerrado|Mata Atlântica"
20067,"Habenaria goyazensis Cogn.",NA,"Orchidaceae","species","accepted","Habenaria goyazensis",NA,"","Habenaria goyazensis","Erva","Terrícola","Área Antrópica|Campo Limpo|Floresta Ciliar ou Galeria|Floresta de Terra Firme","Amazônia|Cerrado|Mata Atlântica"
37664,"Habenaria gracilis Lindl.",NA,"Orchidaceae","species","accepted","Habenaria gracilis",NA,"","Habenaria gracilis","Erva","Terrícola","Campo Limpo","Cerrado|Mata Atlântica"
20070,"Habenaria imbricata Lindl.",NA,"Orchidaceae","species","accepted","Habenaria imbricata",NA,"replaced synonym","Habenaria graciliscapa","Erva","Terrícola","Campo de Altitude|Campo Limpo|Campo rupestre","Amazônia|Cerrado"
NA,NA,NA,NA,NA,NA,NA,NA,"not found","Habenaria guaraensis",NA,NA,NA,NA
31897,"Habenaria guilleminii Rchb.f.",NA,"Orchidaceae","species","accepted","Habenaria guilleminii",NA,"was misspelled","Habenaria guillemini","Erva","Terrícola","Campo Limpo|Campo rupestre","Cerrado|Mata Atlântica"
31897,"Habenaria guilleminii Rchb.f.",NA,"Orchidaceae","species","accepted","Habenaria guilleminii",NA,"","Habenaria guilleminii","Erva","Terrícola","Campo Limpo|Campo rupestre","Cerrado|Mata Atlântica"
11668,"Habenaria gustavi-edwallii Hoehne",NA,"Orchidaceae","species","accepted","Habenaria gustavi-edwallii",NA,"","Habenaria gustavi-edwallii","Erva","Terrícola","Campo de Altitude","Mata Atlântica"
11668,"Habenaria gustavi-edwallii Hoehne",NA,"Orchidaceae","species","accepted","Habenaria gustavi-edwallii",NA,"was misspelled","Habenaria gustavo-edwallii","Erva","Terrícola","Campo de Altitude","Mata Atlântica"
20068,"Habenaria hamata Barb.Rodr.",NA,"Orchidaceae","species","accepted","Habenaria hamata",NA,"","Habenaria hamata","Erva","Terrícola","Campo Limpo|Campo rupestre|Cerrado (lato sensu)|Vegetação Sobre Afloramentos Rochosos","Amazônia|Caatinga|Cerrado"
11683,"Habenaria macronectar (Vell.) Hoehne",NA,"Orchidaceae","species","accepted","Habenaria macronectar","LC","replaced synonym","Habenaria helodes","Erva","Terrícola","Área Antrópica|Campo de Altitude|Campo Limpo|Campo rupestre|Floresta Estacional Semidecidual","Cerrado|Mata Atlântica"
11671,"Habenaria henscheniana Barb.Rodr.",NA,"Orchidaceae","species","accepted","Habenaria henscheniana",NA,"","Habenaria henscheniana","Erva","Terrícola","Campo Limpo","Mata Atlântica"
31899,"Habenaria heptadactyla Rchb.f.",NA,"Orchidaceae","species","accepted","Habenaria heptadactyla",NA,"","Habenaria heptadactyla","Erva","Terrícola","Campo Limpo|Cerrado (lato sensu)|Floresta de Terra Firme|Savana Amazônica","Amazônia|Cerrado"
31900,"Habenaria heringeri Pabst",NA,"Orchidaceae","species","accepted","Habenaria heringeri",NA,"","Habenaria heringeri","Erva","Terrícola","Campo Limpo|Floresta Ciliar ou Galeria","Cerrado"
NA,NA,NA,NA,NA,NA,NA,NA,"not found","Habenaria hexandra",NA,NA,NA,NA
11672,"Habenaria hexaptera Lindl.",NA,"Orchidaceae","species","accepted","Habenaria hexaptera","LC","","Habenaria hexaptera","Erva","Terrícola","Campo Limpo|Cerrado (lato sensu)|Floresta Ciliar ou Galeria|Vegetação Sobre Afloramentos Rochosos","Amazônia|Caatinga|Cerrado|Mata Atlântica"
11672,"Habenaria hexaptera Lindl.",NA,"Orchidaceae","species","accepted","Habenaria hexaptera","LC","replaced synonym","Habenaria hieronymi","Erva","Terrícola","Campo Limpo|Cerrado (lato sensu)|Floresta Ciliar ou Galeria|Vegetação Sobre Afloramentos Rochosos","Amazônia|Caatinga|Cerrado|Mata Atlântica"
NA,NA,NA,NA,NA,NA,NA,NA,"not found","Habenaria hippocrepica",NA,NA,NA,NA
11676,"Habenaria jaguariahyvae Kraenzl.",NA,"Orchidaceae","species","accepted","Habenaria jaguariahyvae",NA,"replaced synonym","Habenaria hoehnei","Erva","Terrícola","Campo Limpo","Amazônia|Cerrado|Mata Atlântica"
118444,"Habenaria huberi Carnevali & Morillo",NA,"Orchidaceae","species","accepted","Habenaria huberi",NA,"","Habenaria huberi","Erva","Terrícola","Savana Amazônica","Amazônia"
20069,"Habenaria humilis Cogn.",NA,"Orchidaceae","species","accepted","Habenaria humilis",NA,"","Habenaria humilis","Erva","Terrícola","Campo Limpo|Campo rupestre","Amazônia|Cerrado"
11673,"Habenaria hydrophila Barb.Rodr.",NA,"Orchidaceae","species","accepted","Habenaria hydrophila","DD","","Habenaria hydrophila","Erva","Terrícola","Campo de Altitude|Campo rupestre|Cerrado (lato sensu)","Cerrado|Mata Atlântica"
20070,"Habenaria imbricata Lindl.",NA,"Orchidaceae","species","accepted","Habenaria imbricata",NA,"","Habenaria imbricata","Erva","Terrícola","Campo de Altitude|Campo Limpo|Campo rupestre","Amazônia|Cerrado"
11674,"Habenaria inconspicua Cogn.",NA,"Orchidaceae","species","accepted","Habenaria inconspicua",NA,"","Habenaria inconspicua","Erva","Terrícola","Campo Limpo","Cerrado|Mata Atlântica"
NA,NA,NA,NA,NA,NA,NA,NA,"not found","Habenaria irwiniana",NA,NA,NA,NA
31901,"Habenaria itaculumia Garay",NA,"Orchidaceae","species","accepted","Habenaria itaculumia","CR","","Habenaria itaculumia","Erva","Terrícola","Campo Limpo|Campo rupestre","Cerrado"
11675,"Habenaria itatiayae Schltr.",NA,"Orchidaceae","species","accepted","Habenaria itatiayae",NA,"","Habenaria itatiayae","Erva","Terrícola","Campo de Altitude|Campo Limpo|Campo rupestre|Vegetação Sobre Afloramentos Rochosos","Cerrado|Mata Atlântica"
11676,"Habenaria jaguariahyvae Kraenzl.",NA,"Orchidaceae","species","accepted","Habenaria jaguariahyvae",NA,"","Habenaria jaguariahyvae","Erva","Terrícola","Campo Limpo","Amazônia|Cerrado|Mata Atlântica"
11693,"Habenaria paranaensis Barb.Rodr.",NA,"Orchidaceae","species","accepted","Habenaria paranaensis",NA,"replaced synonym","Habenaria janeirensis","Erva","Terrícola","Campo de Altitude","Mata Atlântica"
11676,"Habenaria jaguariahyvae Kraenzl.",NA,"Orchidaceae","species","accepted","Habenaria jaguariahyvae",NA,"was misspelled","Habenaria jauraiahyvae","Erva","Terrícola","Campo Limpo","Amazônia|Cerrado|Mata Atlântica"
11677,"Habenaria johannensis Barb.Rodr.",NA,"Orchidaceae","species","accepted","Habenaria johannensis",NA,"was misspelled","Habenaria johanensis","Erva","Terrícola","Campo Limpo|Campo rupestre|Floresta Ciliar ou Galeria","Caatinga|Cerrado|Mata Atlântica"
11677,"Habenaria johannensis Barb.Rodr.",NA,"Orchidaceae","species","accepted","Habenaria johannensis",NA,"","Habenaria johannensis","Erva","Terrícola","Campo Limpo|Campo rupestre|Floresta Ciliar ou Galeria","Caatinga|Cerrado|Mata Atlântica"
NA,NA,NA,NA,NA,NA,NA,NA,"not found","Habenaria josephensis integrilabia",NA,NA,NA,NA
11679,"Habenaria josephensis Barb.Rodr.",NA,"Orchidaceae","species","accepted","Habenaria josephensis",NA,"","Habenaria josephensis","Erva","Terrícola","Área Antrópica|Campo rupestre|Floresta Estacional Semidecidual|Floresta Ombrófila (= Floresta Pluvial)","Mata Atlântica"
31903,"Habenaria juruenensis Hoehne",NA,"Orchidaceae","species","accepted","Habenaria juruenensis",NA,"","Habenaria juruenensis","Erva","Terrícola","Campo Limpo|Campo rupestre|Cerrado (lato sensu)|Floresta Ciliar ou Galeria","Amazônia|Cerrado"
31903,"Habenaria juruenensis Hoehne",NA,"Orchidaceae","species","accepted","Habenaria juruenensis",NA,"was misspelled","Habenaria juruensis","Erva","Terrícola","Campo Limpo|Campo rupestre|Cerrado (lato sensu)|Floresta Ciliar ou Galeria","Amazônia|Cerrado"
11713,"Habenaria trifida Kunth",NA,"Orchidaceae","species","accepted","Habenaria trifida","LC","replaced synonym","Habenaria kuhlmannii","Erva","Terrícola","Área Antrópica|Campo de Várzea|Campo Limpo|Cerrado (lato sensu)|Savana Amazônica|Vegetação Sobre Afloramentos Rochosos","Amazônia|Caatinga|Cerrado|Mata Atlântica"
31904,"Habenaria lagunae-sanctae Kraenzl.",NA,"Orchidaceae","species","accepted","Habenaria lagunae-sanctae",NA,"","Habenaria lagunae-sanctae","Erva","Terrícola","Campo Limpo|Campo rupestre","Cerrado"
31917,"Habenaria orchiocalcar Hoehne",NA,"Orchidaceae","species","accepted","Habenaria orchiocalcar",NA,"replaced synonym","Habenaria lancipetala","Erva","Terrícola","Campo Limpo|Palmeiral","Amazônia|Cerrado"
20076,"Habenaria mystacina Lindl.",NA,"Orchidaceae","species","accepted","Habenaria mystacina",NA,"replaced synonym","Habenaria lasioglossa","Erva","Terrícola","Campo Limpo|Campo rupestre","Caatinga|Cerrado"
20072,"Habenaria lavrensis Hoehne",NA,"Orchidaceae","species","accepted","Habenaria lavrensis",NA,"was misspelled","Habenaria lavrensia","Erva","Terrícola","Campo Limpo|Campo rupestre","Cerrado"
20072,"Habenaria lavrensis Hoehne",NA,"Orchidaceae","species","accepted","Habenaria lavrensis",NA,"","Habenaria lavrensis","Erva","Terrícola","Campo Limpo|Campo rupestre","Cerrado"
20085,"Habenaria sprucei Cogn.",NA,"Orchidaceae","species","accepted","Habenaria sprucei",NA,"replaced synonym","Habenaria leaoana","Erva","Terrícola","Campo de Várzea|Campo Limpo|Cerrado (lato sensu)|Floresta Ciliar ou Galeria","Amazônia|Caatinga|Cerrado"
31906,"Habenaria leprieuri Rchb.f.",NA,"Orchidaceae","species","accepted","Habenaria leprieuri",NA,"","Habenaria leprieuri","Erva","Terrícola","Campo Limpo|Cerrado (lato sensu)|Floresta Ciliar ou Galeria|Restinga|Savana Amazônica","Amazônia|Cerrado"
31906,"Habenaria leprieuri Rchb.f.",NA,"Orchidaceae","species","accepted","Habenaria leprieuri",NA,"was misspelled","Habenaria leprieurii","Erva","Terrícola","Campo Limpo|Cerrado (lato sensu)|Floresta Ciliar ou Galeria|Restinga|Savana Amazônica","Amazônia|Cerrado"
NA,NA,NA,NA,NA,NA,NA,NA,"not found","Habenaria lepriurii",NA,NA,NA,NA
11680,"Habenaria leptoceras Hook.",NA,"Orchidaceae","species","accepted","Habenaria leptoceras",NA,"","Habenaria leptoceras","Erva","Terrícola","Campo rupestre|Floresta Ombrófila (= Floresta Pluvial)|Restinga","Amazônia|Mata Atlântica"
11681,"Habenaria leucosantha Barb.Rodr.",NA,"Orchidaceae","species","accepted","Habenaria leucosantha","LC","","Habenaria leucosantha","Erva","Terrícola","Campo de Altitude|Campo Limpo","Cerrado|Mata Atlântica"
20078,"Habenaria obtusa Lindl.",NA,"Orchidaceae","species","accepted","Habenaria obtusa",NA,"replaced synonym","Habenaria liguliglossa","Erva","Terrícola","Campo de Várzea|Campo Limpo|Cerrado (lato sensu)|Floresta Ciliar ou Galeria|Floresta de Várzea|Palmeiral|Savana Amazônica|Vegetação Sobre Afloramentos Rochosos","Amazônia|Caatinga|Cerrado"
31923,"Habenaria schenckii Cogn.",NA,"Orchidaceae","species","accepted","Habenaria schenckii",NA,"replaced synonym","Habenaria lindmaniana","Erva","Terrícola","Cerrado (lato sensu)|Floresta Ciliar ou Galeria|Palmeiral","Amazônia|Caatinga|Cerrado"
20074,"Habenaria longicauda Hook.",NA,"Orchidaceae","species","accepted","Habenaria longicauda",NA,"","Habenaria longicauda","Erva","Terrícola","Campo de Várzea|Floresta Ciliar ou Galeria|Vegetação Aquática","Amazônia|Caatinga|Cerrado"
31907,"Habenaria longipedicellata Hoehne",NA,"Orchidaceae","species","accepted","Habenaria longipedicellata",NA,"","Habenaria longipedicellata","Erva","Terrícola","Área Antrópica|Campo de Várzea|Campo Limpo|Campo rupestre|Cerrado (lato sensu)|Floresta de Terra Firme","Amazônia|Cerrado"
37667,"Habenaria ludibundiciliata J.A.N.Batista & Bianchetti",NA,"Orchidaceae","species","accepted","Habenaria ludibundiciliata",NA,"","Habenaria ludibundiciliata","Erva","Terrícola","Campo Limpo|Campo rupestre","Amazônia|Cerrado"
37669,"Habenaria macilenta (Lindl. ex Benth.) Rchb.f.",NA,"Orchidaceae","species","accepted","Habenaria macilenta",NA,"","Habenaria macilenta","Erva","Terrícola","Campo de Altitude|Campo Limpo|Campo rupestre","Amazônia|Cerrado|Mata Atlântica"
11682,"Habenaria macrodactyla Kraenzl.",NA,"Orchidaceae","species","accepted","Habenaria macrodactyla",NA,"","Habenaria macrodactyla","Erva","Terrícola",NA,"Mata Atlântica"
11683,"Habenaria macronectar (Vell.) Hoehne",NA,"Orchidaceae","species","accepted","Habenaria macronectar","LC","","Habenaria macronectar","Erva","Terrícola","Área Antrópica|Campo de Altitude|Campo Limpo|Campo rupestre|Floresta Estacional Semidecidual","Cerrado|Mata Atlântica"
11684,"Habenaria magdalenensis Hoehne",NA,"Orchidaceae","species","accepted","Habenaria magdalenensis",NA,"","Habenaria magdalenensis","Erva","Terrícola","Campo de Altitude|Campo rupestre","Mata Atlântica"
31909,"Habenaria magniscutata Catling",NA,"Orchidaceae","species","accepted","Habenaria magniscutata",NA,"","Habenaria magniscutata","Erva","Terrícola","Campo Limpo|Campo rupestre","Cerrado"
37686,"Habenaria spathulifera Cogn.",NA,"Orchidaceae","species","accepted","Habenaria spathulifera",NA,"replaced synonym","Habenaria mattogrossensis","Erva","Terrícola","Campo de Várzea|Campo Limpo|Cerrado (lato sensu)|Savana Amazônica","Amazônia|Caatinga|Cerrado"
20075,"Habenaria meeana Toscano",NA,"Orchidaceae","species","accepted","Habenaria meeana",NA,"","Habenaria meeana","Erva","Terrícola","Campo rupestre","Caatinga|Cerrado"
11686,"Habenaria melanopoda Hoehne & Schltr.",NA,"Orchidaceae","species","accepted","Habenaria melanopoda",NA,"","Habenaria melanopoda","Erva","Terrícola","Campo de Altitude|Campo Limpo|Campo rupestre","Cerrado|Mata Atlântica"
31911,"Habenaria mello-barretoi Brade & Pabst",NA,"Orchidaceae","species","accepted","Habenaria mello-barretoi",NA,"","Habenaria mello-barretoi","Erva","Terrícola","Campo rupestre","Cerrado"
11665,"Habenaria gourlieana Gill. ex Lindl.",NA,"Orchidaceae","species","accepted","Habenaria gourlieana","LC","replaced synonym","Habenaria melvillei","Erva","Terrícola","Campo Limpo|Floresta Ciliar ou Galeria","Amazônia|Cerrado|Mata Atlântica"
11665,"Habenaria gourlieana Gill. ex Lindl.",NA,"Orchidaceae","species","accepted","Habenaria gourlieana","LC","was misspelled|replaced synonym","Habenaria melvillii","Erva","Terrícola","Campo Limpo|Floresta Ciliar ou Galeria","Amazônia|Cerrado|Mata Atlântica"
31906,"Habenaria leprieuri Rchb.f.",NA,"Orchidaceae","species","accepted","Habenaria leprieuri",NA,"replaced synonym","Habenaria mesodactyla","Erva","Terrícola","Campo Limpo|Cerrado (lato sensu)|Floresta Ciliar ou Galeria|Restinga|Savana Amazônica","Amazônia|Cerrado"
11708,"Habenaria rupicola Barb.Rodr.",NA,"Orchidaceae","species","accepted","Habenaria rupicola",NA,"replaced synonym","Habenaria minarum","Erva","Terrícola","Campo de Altitude|Campo Limpo|Campo rupestre|Cerrado (lato sensu)","Amazônia|Cerrado|Mata Atlântica"
NA,NA,NA,NA,NA,NA,NA,NA,"not found","Habenaria minima",NA,NA,NA,NA
11674,"Habenaria inconspicua Cogn.",NA,"Orchidaceae","species","accepted","Habenaria inconspicua",NA,"replaced synonym","Habenaria minimiflora","Erva","Terrícola","Campo Limpo","Cerrado|Mata Atlântica"
NA,NA,NA,NA,NA,NA,NA,NA,"not found","Habenaria minuta",NA,NA,NA,NA
37688,"Habenaria subfiliformis Cogn.",NA,"Orchidaceae","species","accepted","Habenaria subfiliformis",NA,"replaced synonym","Habenaria mitomorpha","Erva","Terrícola","Campo Limpo","Amazônia|Cerrado|Mata Atlântica"
11688,"Habenaria modestissima Rchb.f.",NA,"Orchidaceae","species","accepted","Habenaria modestissima",NA,"","Habenaria modestissima","Erva","Terrícola","Restinga","Mata Atlântica"
31912,"Habenaria monorrhiza (Sw.) Rchb.f.",NA,"Orchidaceae","species","accepted","Habenaria monorrhiza",NA,"","Habenaria monorrhiza","Erva","Terrícola","Campo Limpo|Campo rupestre","Cerrado"
11689,"Habenaria montevidensis Spreng.",NA,"Orchidaceae","species","accepted","Habenaria montevidensis",NA,"","Habenaria montevidensis","Erva","Terrícola","Campo de Altitude|Campo Limpo","Mata Atlântica"
NA,NA,NA,NA,NA,NA,NA,NA,"not found","Habenaria montevidensis parviflora",NA,NA,NA,NA
NA,NA,NA,NA,NA,NA,NA,NA,"not found","Habenaria montevidensis reichenbachiana",NA,NA,NA,NA
31913,"Habenaria montis-wilhelminae Renz",NA,"Orchidaceae","species","accepted","Habenaria montis-wilhelminae",NA,"","Habenaria montis-wilhelminae","Erva","Terrícola","Campo Limpo|Cerrado (lato sensu)","Cerrado"
20076,"Habenaria mystacina Lindl.",NA,"Orchidaceae","species","accepted","Habenaria mystacina",NA,"","Habenaria mystacina","Erva","Terrícola","Campo Limpo|Campo rupestre","Caatinga|Cerrado"
11694,"Habenaria parviflora Lindl.",NA,"Orchidaceae","species","accepted","Habenaria parviflora",NA,"replaced synonym","Habenaria nana","Erva","Terrícola","Área Antrópica|Campo Limpo|Campo rupestre|Floresta Ciliar ou Galeria|Floresta Ombrófila (= Floresta Pluvial)","Amazônia|Caatinga|Cerrado|Mata Atlântica"
31915,"Habenaria nuda Lindl. var. nuda",NA,"Orchidaceae","variety","accepted","Habenaria nuda var. nuda",NA,"replaced synonym","Habenaria nasuta","Erva","Terrícola","Campo Limpo|Campo rupestre|Floresta Ciliar ou Galeria","Amazônia|Caatinga|Cerrado|Mata Atlântica"
37673,"Habenaria nemorosa Barb.Rodr.",NA,"Orchidaceae","species","accepted","Habenaria nemorosa",NA,"","Habenaria nemorosa","Erva","Terrícola","Floresta Estacional Semidecidual|Floresta Ombrófila (= Floresta Pluvial)","Cerrado|Mata Atlântica"
11646,"Habenaria balansae Cogn.",NA,"Orchidaceae","species","accepted","Habenaria balansae",NA,"replaced synonym","Habenaria nigripes","Erva","Terrícola","Campo Limpo|Campo rupestre|Floresta Ciliar ou Galeria|Palmeiral","Cerrado|Mata Atlântica"
11692,"Habenaria nuda Lindl.",NA,"Orchidaceae","species","accepted","Habenaria nuda","LC","","Habenaria nuda","Erva","Terrícola","Campo Limpo|Campo rupestre|Floresta Ciliar ou Galeria","Amazônia|Cerrado|Mata Atlântica"
NA,NA,NA,NA,NA,NA,NA,NA,"not found","Habenaria nuda nuda",NA,NA,NA,NA
NA,NA,NA,NA,NA,NA,NA,NA,"not found","Habenaria nuda pygmaea",NA,NA,NA,NA
20078,"Habenaria obtusa Lindl.",NA,"Orchidaceae","species","accepted","Habenaria obtusa",NA,"","Habenaria obtusa","Erva","Terrícola","Campo de Várzea|Campo Limpo|Cerrado (lato sensu)|Floresta Ciliar ou Galeria|Floresta de Várzea|Palmeiral|Savana Amazônica|Vegetação Sobre Afloramentos Rochosos","Amazônia|Caatinga|Cerrado"
20066,"Habenaria glazioviana Kraenzl.",NA,"Orchidaceae","species","accepted","Habenaria glazioviana",NA,"replaced synonym","Habenaria odorifera","Erva","Terrícola","Campo de Várzea|Campo Limpo|Floresta de Igapó|Palmeiral|Savana Amazônica|Vegetação Sobre Afloramentos Rochosos","Amazônia|Caatinga|Cerrado"
31917,"Habenaria orchiocalcar Hoehne",NA,"Orchidaceae","species","accepted","Habenaria orchiocalcar",NA,"","Habenaria orchiocalcar","Erva","Terrícola","Campo Limpo|Palmeiral","Amazônia|Cerrado"
20078,"Habenaria obtusa Lindl.",NA,"Orchidaceae","species","accepted","Habenaria obtusa",NA,"replaced synonym","Habenaria ornithoides","Erva","Terrícola","Campo de Várzea|Campo Limpo|Cerrado (lato sensu)|Floresta Ciliar ou Galeria|Floresta de Várzea|Palmeiral|Savana Amazônica|Vegetação Sobre Afloramentos Rochosos","Amazônia|Caatinga|Cerrado"
31897,"Habenaria guilleminii Rchb.f.",NA,"Orchidaceae","species","accepted","Habenaria guilleminii",NA,"was misspelled|replaced synonym","Habenaria ouro-branquensis","Erva","Terrícola","Campo Limpo|Campo rupestre","Cerrado|Mata Atlântica"
31897,"Habenaria guilleminii Rchb.f.",NA,"Orchidaceae","species","accepted","Habenaria guilleminii",NA,"replaced synonym","Habenaria ourobranquensis","Erva","Terrícola","Campo Limpo|Campo rupestre","Cerrado|Mata Atlântica"
31918,"Habenaria pabstii J.A.N.Batista & Bianchetti",NA,"Orchidaceae","species","accepted","Habenaria pabstii",NA,"","Habenaria pabstii","Erva","Terrícola","Campo Limpo|Campo rupestre","Amazônia|Cerrado"
NA,NA,NA,NA,NA,NA,NA,NA,"not found","Habenaria pansarinii minuscula",NA,NA,NA,NA
NA,NA,NA,NA,NA,NA,NA,NA,"not found","Habenaria pansarinii",NA,NA,NA,NA
11693,"Habenaria paranaensis Barb.Rodr.",NA,"Orchidaceae","species","accepted","Habenaria paranaensis",NA,"","Habenaria paranaensis","Erva","Terrícola","Campo de Altitude","Mata Atlântica"
11694,"Habenaria parviflora Lindl.",NA,"Orchidaceae","species","accepted","Habenaria parviflora",NA,"","Habenaria parviflora","Erva","Terrícola","Área Antrópica|Campo Limpo|Campo rupestre|Floresta Ciliar ou Galeria|Floresta Ombrófila (= Floresta Pluvial)","Amazônia|Caatinga|Cerrado|Mata Atlântica"
NA,NA,NA,NA,NA,NA,NA,NA,"not found","Habenaria parviflora robusta",NA,NA,NA,NA
11694,"Habenaria parviflora Lindl.",NA,"Orchidaceae","species","accepted","Habenaria parviflora",NA,"replaced synonym","Habenaria paulensis","Erva","Terrícola","Área Antrópica|Campo Limpo|Campo rupestre|Floresta Ciliar ou Galeria|Floresta Ombrófila (= Floresta Pluvial)","Amazônia|Caatinga|Cerrado|Mata Atlântica"
11696,"Habenaria paulistana J.A.N.Batista & Bianchetti",NA,"Orchidaceae","species","accepted","Habenaria paulistana",NA,"","Habenaria paulistana","Erva","Terrícola","Área Antrópica|Floresta Estacional Semidecidual","Mata Atlântica"
11697,"Habenaria petalodes Lindl.",NA,"Orchidaceae","species","accepted","Habenaria petalodes",NA,"","Habenaria petalodes","Erva","Terrícola","Área Antrópica|Campo de Várzea|Floresta Ciliar ou Galeria|Floresta Estacional Decidual|Floresta Estacional Semidecidual|Floresta Ombrófila (= Floresta Pluvial)|Restinga|Vegetação Sobre Afloramentos Rochosos","Amazônia|Caatinga|Cerrado|Mata Atlântica"
11657,"Habenaria edwallii Cogn.",NA,"Orchidaceae","species","accepted","Habenaria edwallii",NA,"replaced synonym","Habenaria physophora","Erva","Terrícola","Campo Limpo|Palmeiral","Cerrado|Mata Atlântica"
11713,"Habenaria trifida Kunth",NA,"Orchidaceae","species","accepted","Habenaria trifida","LC","replaced synonym","Habenaria pickelii","Erva","Terrícola","Área Antrópica|Campo de Várzea|Campo Limpo|Cerrado (lato sensu)|Savana Amazônica|Vegetação Sobre Afloramentos Rochosos","Amazônia|Caatinga|Cerrado|Mata Atlântica"
11710,"Habenaria schwackei Barb.Rodr.",NA,"Orchidaceae","species","accepted","Habenaria schwackei","LC","replaced synonym","Habenaria platydactyla","Erva","Terrícola","Campinarana|Campo Limpo|Cerrado (lato sensu)|Savana Amazônica","Amazônia|Cerrado|Mata Atlântica"
11699,"Habenaria pleiophylla Hoehne & Schltr.",NA,"Orchidaceae","species","accepted","Habenaria pleiophylla",NA,"","Habenaria pleiophylla","Erva","Terrícola","Floresta Ombrófila (= Floresta Pluvial)","Mata Atlântica"
20081,"Habenaria polycarpa Hoehne",NA,"Orchidaceae","species","accepted","Habenaria polycarpa",NA,"","Habenaria polycarpa","Erva","Terrícola","Cerrado (lato sensu)","Cerrado"
11702,"Habenaria repens Nutt.",NA,"Orchidaceae","species","accepted","Habenaria repens",NA,"replaced synonym","Habenaria polygonoides","Erva","Terrícola","Campo de Várzea|Campo Limpo|Cerrado (lato sensu)|Floresta Ciliar ou Galeria|Floresta Estacional Semidecidual|Floresta Ombrófila (= Floresta Pluvial)|Restinga|Vegetação Aquática","Amazônia|Caatinga|Cerrado|Mata Atlântica"
11648,"Habenaria bractescens Lindl.",NA,"Orchidaceae","species","accepted","Habenaria bractescens",NA,"replaced synonym","Habenaria pontagrossensis","Erva","Terrícola","Campo Limpo|Campo rupestre","Cerrado|Mata Atlântica"
NA,NA,NA,NA,NA,NA,NA,NA,"not found","Habenaria praetermissa",NA,NA,NA,NA
11700,"Habenaria pratensis (Salzm. ex Lindl.) Rchb.f.",NA,"Orchidaceae","species","accepted","Habenaria pratensis",NA,"","Habenaria pratensis","Erva","Terrícola","Campo Limpo|Floresta Ciliar ou Galeria|Savana Amazônica|Vegetação Sobre Afloramentos Rochosos","Amazônia|Caatinga|Cerrado|Mata Atlântica"
NA,NA,NA,NA,NA,NA,NA,NA,"not found","Habenaria pratensis parviflora",NA,NA,NA,NA
NA,NA,NA,NA,NA,NA,NA,NA,"not found","Habenaria pratensis pratensis",NA,NA,NA,NA
11700,"Habenaria pratensis (Salzm. ex Lindl.) Rchb.f.",NA,"Orchidaceae","species","accepted","Habenaria pratensis",NA,"replaced synonym","Habenaria pratensis var. pratensis","Erva","Terrícola","Campo Limpo|Floresta Ciliar ou Galeria|Savana Amazônica|Vegetação Sobre Afloramentos Rochosos","Amazônia|Caatinga|Cerrado|Mata Atlântica"
NA,NA,NA,NA,NA,NA,NA,NA,"not found","Habenaria psammophila",NA,NA,NA,NA
NA,NA,NA,NA,NA,NA,NA,NA,"not found","Habenaria pseudoculicina",NA,NA,NA,NA
119816,"Habenaria pseudoglaucophylla J.A.N.Bat. et al.",NA,"Orchidaceae","species","accepted","Habenaria pseudoglaucophylla",NA,"","Habenaria pseudoglaucophylla","Erva","Terrícola","Campo rupestre","Cerrado"
20082,"Habenaria pseudohamata Toscano",NA,"Orchidaceae","species","accepted","Habenaria pseudohamata",NA,"","Habenaria pseudohamata","Erva","Terrícola","Campo Limpo|Campo rupestre","Caatinga|Cerrado"
NA,NA,NA,NA,NA,NA,NA,NA,"not found","Habenaria pubidactyla apiculatipetala",NA,NA,NA,NA
NA,NA,NA,NA,NA,NA,NA,NA,"not found","Habenaria pubidactyla brasiliensis",NA,NA,NA,NA
25912,"Habenaria pubidactyla J.A.N.Bat. & Bianch.",NA,"Orchidaceae","species","accepted","Habenaria pubidactyla",NA,"","Habenaria pubidactyla","Erva","Terrícola","Campo Limpo|Campo rupestre","Cerrado"
NA,NA,NA,NA,NA,NA,NA,NA,"not found","Habenaria pubidactyla pubidactyla",NA,NA,NA,NA
31921,"Habenaria pungens Cogn.",NA,"Orchidaceae","species","accepted","Habenaria pungens",NA,"","Habenaria pungens","Erva","Terrícola","Campo Limpo","Cerrado"
20083,"Habenaria quadrata Lindl.",NA,"Orchidaceae","species","accepted","Habenaria quadrata",NA,"","Habenaria quadrata","Erva","Terrícola","Campo de Altitude|Campo Limpo|Cerrado (lato sensu)|Floresta Ciliar ou Galeria","Amazônia|Cerrado|Mata Atlântica"
NA,NA,NA,NA,NA,NA,NA,NA,"not found","Habenaria quadriferricola",NA,NA,NA,NA
11658,"Habenaria ekmaniana Kraenzl.",NA,"Orchidaceae","species","accepted","Habenaria ekmaniana",NA,"replaced synonym","Habenaria recta","Erva","Terrícola","Campo Limpo|Vegetação Sobre Afloramentos Rochosos","Cerrado|Mata Atlântica"
NA,NA,NA,NA,NA,NA,NA,NA,"not found","Habenaria reflexicalcar",NA,NA,NA,NA
11701,"Habenaria regnellii Cogn.",NA,"Orchidaceae","species","accepted","Habenaria regnellii","LC","","Habenaria regnellii","Erva","Terrícola","Campo de Altitude|Campo Limpo|Floresta Ombrófila (= Floresta Pluvial)","Cerrado|Mata Atlântica"
11694,"Habenaria parviflora Lindl.",NA,"Orchidaceae","species","accepted","Habenaria parviflora",NA,"replaced synonym","Habenaria reichenbachiana","Erva","Terrícola","Área Antrópica|Campo Limpo|Campo rupestre|Floresta Ciliar ou Galeria|Floresta Ombrófila (= Floresta Pluvial)","Amazônia|Caatinga|Cerrado|Mata Atlântica"
NA,NA,NA,NA,NA,NA,NA,NA,"not found","Habenaria repens gracilis",NA,NA,NA,NA
11702,"Habenaria repens Nutt.",NA,"Orchidaceae","species","accepted","Habenaria repens",NA,"","Habenaria repens","Erva","Terrícola","Campo de Várzea|Campo Limpo|Cerrado (lato sensu)|Floresta Ciliar ou Galeria|Floresta Estacional Semidecidual|Floresta Ombrófila (= Floresta Pluvial)|Restinga|Vegetação Aquática","Amazônia|Caatinga|Cerrado|Mata Atlântica"
11646,"Habenaria balansae Cogn.",NA,"Orchidaceae","species","accepted","Habenaria balansae",NA,"replaced synonym","Habenaria retusa","Erva","Terrícola","Campo Limpo|Campo rupestre|Floresta Ciliar ou Galeria|Palmeiral","Cerrado|Mata Atlântica"
20088,"Habenaria warmingii Rchb.f.",NA,"Orchidaceae","species","accepted","Habenaria warmingii",NA,"replaced synonym","Habenaria riedelii","Erva","Terrícola","Cerrado (lato sensu)|Floresta Estacional Semidecidual","Caatinga|Cerrado|Mata Atlântica"
11704,"Habenaria rodeiensis Barb.Rodr.",NA,"Orchidaceae","species","accepted","Habenaria rodeiensis","LC","","Habenaria rodeiensis","Erva","Terrícola","Área Antrópica|Campo Limpo","Amazônia|Cerrado|Mata Atlântica"
31922,"Habenaria rodriguesii Cogn.",NA,"Orchidaceae","species","accepted","Habenaria rodriguesii",NA,"","Habenaria rodriguesii","Erva","Terrícola","Campo de Altitude|Campo Limpo","Cerrado|Mata Atlântica"
11705,"Habenaria rolfeana Schltr.",NA,"Orchidaceae","species","accepted","Habenaria rolfeana",NA,"","Habenaria rolfeana","Erva","Terrícola","Campo de Altitude|Campo Limpo|Campo rupestre","Mata Atlântica"
31909,"Habenaria magniscutata Catling",NA,"Orchidaceae","species","accepted","Habenaria magniscutata",NA,"replaced synonym","Habenaria rostrata","Erva","Terrícola","Campo Limpo|Campo rupestre","Cerrado"
11706,"Habenaria rotundiloba Pabst",NA,"Orchidaceae","species","accepted","Habenaria rotundiloba",NA,"was misspelled","Habenaria rotundiflora","Erva","Terrícola","Restinga","Mata Atlântica"
NA,NA,NA,NA,NA,NA,NA,NA,"not found","Habenaria rotundifolia",NA,NA,NA,NA
11706,"Habenaria rotundiloba Pabst",NA,"Orchidaceae","species","accepted","Habenaria rotundiloba",NA,"","Habenaria rotundiloba","Erva","Terrícola","Restinga","Mata Atlântica"
11708,"Habenaria rupicola Barb.Rodr.",NA,"Orchidaceae","species","accepted","Habenaria rupicola",NA,"","Habenaria rupicola","Erva","Terrícola","Campo de Altitude|Campo Limpo|Campo rupestre|Cerrado (lato sensu)","Amazônia|Cerrado|Mata Atlântica"
11709,"Habenaria sceptrum Schltr.",NA,"Orchidaceae","species","accepted","Habenaria sceptrum",NA,"","Habenaria sceptrum","Erva","Terrícola","Campo de Altitude","Mata Atlântica"
31923,"Habenaria schenckii Cogn.",NA,"Orchidaceae","species","accepted","Habenaria schenckii",NA,"","Habenaria schenckii","Erva","Terrícola","Cerrado (lato sensu)|Floresta Ciliar ou Galeria|Palmeiral","Amazônia|Caatinga|Cerrado"
11710,"Habenaria schwackei Barb.Rodr.",NA,"Orchidaceae","species","accepted","Habenaria schwackei","LC","","Habenaria schwackei","Erva","Terrícola","Campinarana|Campo Limpo|Cerrado (lato sensu)|Savana Amazônica","Amazônia|Cerrado|Mata Atlântica"
11710,"Habenaria schwackei Barb.Rodr.",NA,"Orchidaceae","species","accepted","Habenaria schwackei","LC","was misspelled","Habenaria schwackii","Erva","Terrícola","Campinarana|Campo Limpo|Cerrado (lato sensu)|Savana Amazônica","Amazônia|Cerrado|Mata Atlântica"
11711,"Habenaria secunda Lindl.",NA,"Orchidaceae","species","accepted","Habenaria secunda",NA,"","Habenaria secunda","Erva","Terrícola","Campo de Altitude|Campo Limpo|Floresta Ombrófila (= Floresta Pluvial)","Cerrado|Mata Atlântica"
31924,"Habenaria secundiflora Barb.Rodr.",NA,"Orchidaceae","species","accepted","Habenaria secundiflora",NA,"","Habenaria secundiflora","Erva","Terrícola","Campo Limpo|Campo rupestre|Floresta Ciliar ou Galeria","Amazônia|Cerrado"
11712,"Habenaria setacea Lindl.",NA,"Orchidaceae","species","accepted","Habenaria setacea",NA,"","Habenaria setacea","Erva","Terrícola","Campinarana|Campo Limpo|Campo rupestre|Cerrado (lato sensu)","Amazônia|Cerrado|Mata Atlântica"
NA,NA,NA,NA,NA,NA,NA,NA,"not found","Habenaria spanophytica",NA,NA,NA,NA
37686,"Habenaria spathulifera Cogn.",NA,"Orchidaceae","species","accepted","Habenaria spathulifera",NA,"","Habenaria spathulifera","Erva","Terrícola","Campo de Várzea|Campo Limpo|Cerrado (lato sensu)|Savana Amazônica","Amazônia|Caatinga|Cerrado"
NA,NA,NA,NA,NA,NA,NA,NA,"not found","Habenaria spec.",NA,NA,NA,NA
20085,"Habenaria sprucei Cogn.",NA,"Orchidaceae","species","accepted","Habenaria sprucei",NA,"","Habenaria sprucei","Erva","Terrícola","Campo de Várzea|Campo Limpo|Cerrado (lato sensu)|Floresta Ciliar ou Galeria","Amazônia|Caatinga|Cerrado"
31893,"Habenaria culicina Rchb.f. & Warm.",NA,"Orchidaceae","species","accepted","Habenaria culicina","LC","was misspelled|replaced synonym","Habenaria st-simonensis","Erva","Terrícola","Campo Limpo|Cerrado (lato sensu)","Amazônia|Cerrado"
37688,"Habenaria subfiliformis Cogn.",NA,"Orchidaceae","species","accepted","Habenaria subfiliformis",NA,"","Habenaria subfiliformis","Erva","Terrícola","Campo Limpo","Amazônia|Cerrado|Mata Atlântica"
25913,"Habenaria subviridis Hoehne & Schltr.",NA,"Orchidaceae","species","accepted","Habenaria subviridis",NA,"","Habenaria subviridis","Erva","Terrícola","Cerrado (lato sensu)|Floresta Estacional Semidecidual","Caatinga|Cerrado|Mata Atlântica"
37689,"Habenaria sylvicultrix Lindl. ex Kraenzl.",NA,"Orchidaceae","species","accepted","Habenaria sylvicultrix",NA,"","Habenaria sylvicultrix","Erva","Terrícola","Floresta de Terra Firme","Amazônia"
66836,"Habenaria tamanduensis Schltr.",NA,"Orchidaceae","species","accepted","Habenaria tamanduensis",NA,"","Habenaria tamanduensis","Erva","Terrícola","Campo Limpo|Floresta Ciliar ou Galeria","Cerrado"
11702,"Habenaria repens Nutt.",NA,"Orchidaceae","species","accepted","Habenaria repens",NA,"replaced synonym","Habenaria taubertiana","Erva","Terrícola","Campo de Várzea|Campo Limpo|Cerrado (lato sensu)|Floresta Ciliar ou Galeria|Floresta Estacional Semidecidual|Floresta Ombrófila (= Floresta Pluvial)|Restinga|Vegetação Aquática","Amazônia|Caatinga|Cerrado|Mata Atlântica"
11670,"Habenaria heleogena Schltr.",NA,"Orchidaceae","species","accepted","Habenaria heleogena",NA,"replaced synonym","Habenaria trapezoidea","Erva","Terrícola","Campo Limpo","Cerrado|Mata Atlântica"
11713,"Habenaria trifida Kunth",NA,"Orchidaceae","species","accepted","Habenaria trifida","LC","","Habenaria trifida","Erva","Terrícola","Área Antrópica|Campo de Várzea|Campo Limpo|Cerrado (lato sensu)|Savana Amazônica|Vegetação Sobre Afloramentos Rochosos","Amazônia|Caatinga|Cerrado|Mata Atlântica"
31892,"Habenaria coxipoensis Hoehne",NA,"Orchidaceae","species","accepted","Habenaria coxipoensis",NA,"replaced synonym","Habenaria trimeropetala","Erva","Terrícola","Campo Limpo|Campo rupestre|Cerrado (lato sensu)","Cerrado|Mata Atlântica"
11714,"Habenaria ulei Cogn.",NA,"Orchidaceae","species","accepted","Habenaria ulei",NA,"replaced synonym","Habenaria ulaei","Erva","Terrícola","Campo de Altitude","Mata Atlântica"
37690,"Habenaria uliginosa Rchb.f.",NA,"Orchidaceae","species","accepted","Habenaria uliginosa",NA,"","Habenaria uliginosa","Erva","Terrícola","Campo de Altitude","Mata Atlântica"
11715,"Habenaria umbraticola Barb.Rodr.",NA,"Orchidaceae","species","accepted","Habenaria umbraticola","LC","","Habenaria umbraticola","Erva","Terrícola","Floresta Ombrófila (= Floresta Pluvial)|Floresta Ombrófila Mista","Mata Atlântica"
NA,NA,NA,NA,NA,NA,NA,NA,"not found","Habenaria undesignated",NA,NA,NA,NA
20086,"Habenaria urbaniana Cogn.",NA,"Orchidaceae","species","accepted","Habenaria urbaniana",NA,"","Habenaria urbaniana","Erva","Terrícola","Campo Limpo","Cerrado"
11677,"Habenaria johannensis Barb.Rodr.",NA,"Orchidaceae","species","accepted","Habenaria johannensis",NA,"was misspelled|replaced synonym","Habenaria vaupelii","Erva","Terrícola","Campo Limpo|Campo rupestre|Floresta Ciliar ou Galeria","Caatinga|Cerrado|Mata Atlântica"
11677,"Habenaria johannensis Barb.Rodr.",NA,"Orchidaceae","species","accepted","Habenaria johannensis",NA,"replaced synonym","Habenaria vaupellii","Erva","Terrícola","Campo Limpo|Campo rupestre|Floresta Ciliar ou Galeria","Caatinga|Cerrado|Mata Atlântica"
11686,"Habenaria melanopoda Hoehne & Schltr.",NA,"Orchidaceae","species","accepted","Habenaria melanopoda",NA,"replaced synonym","Habenaria verecunda","Erva","Terrícola","Campo de Altitude|Campo Limpo|Campo rupestre","Cerrado|Mata Atlântica"
11679,"Habenaria josephensis Barb.Rodr.",NA,"Orchidaceae","species","accepted","Habenaria josephensis",NA,"replaced synonym","Habenaria wacketii","Erva","Terrícola","Área Antrópica|Campo rupestre|Floresta Estacional Semidecidual|Floresta Ombrófila (= Floresta Pluvial)","Mata Atlântica"
20088,"Habenaria warmingii Rchb.f.",NA,"Orchidaceae","species","accepted","Habenaria warmingii",NA,"","Habenaria warmingii","Erva","Terrícola","Cerrado (lato sensu)|Floresta Estacional Semidecidual","Caatinga|Cerrado|Mata Atlântica"
